{"_runtime": 10, "last_move_ms_mean": 0.002178125001250919, "last_move_ms_std": 0.0005777512366139992, "_timestamp": 1761475371.6048834, "_step": 225, "count": 225, "scan_all_ms_mean": 0.014301250001835797, "scan_all_ms_std": 0.0093655775148453, "speedup": 6.565853655608583, "winner_check_trend": {"log_mode": "IMMUTABLE", "sha256": "42ea8ff254c3069303e917eda5f4d9bba41d38720df8b21ef81334efe6f1b2e6", "path": "media/table/winner_check_trend_225_42ea8ff254c3069303e9.table.json", "_type": "table-file", "size": 25788, "_latest_artifact_path": "wandb-client-artifact://jty6cal5impygdgkxomx37dy0gqewjpt8ie82ie1y6u7trtaj1fus6n6yocf25ptqu9anndeoy3ws1viddelz1k62n3mrepxoi844ek3pfyfu2jr7fu4453114l2wnnd:latest/winner_check_trend.table.json", "ncols": 6, "artifact_path": "wandb-client-artifact://3t706ze4892cnaotnto9d07g021heqpnzufqbxt2tkor10fgkcqt7g3fxuztjp8e7jade78d8ae1leg021otuyllt98s2c9tws8r8pjov7neyrq3qgx6poj1yas78mdc/winner_check_trend.table.json", "nrows": 225}}